epoch,step,train_loss_epoch,train_loss_step,val_loss
0,33,,,0.3205418288707733
0,33,0.5053447484970093,,
1,49,,0.27237632870674133,
1,67,,,0.31373822689056396
1,67,0.23439860343933105,,
2,99,,0.20671848952770233,
2,101,,,0.3444131314754486
2,101,0.1514601856470108,,
