epoch,steps,cosine-Accuracy@1,cosine-Accuracy@3,cosine-Accuracy@5,cosine-Accuracy@10,cosine-Precision@1,cosine-Recall@1,cosine-Precision@3,cosine-Recall@3,cosine-Precision@5,cosine-Recall@5,cosine-Precision@10,cosine-Recall@10,cosine-MRR@10,cosine-NDCG@10,cosine-MAP@100
0.4432624113475177,250,0.3333333333333333,0.5934959349593496,0.7723577235772358,0.8780487804878049,0.3333333333333333,0.3333333333333333,0.1978319783197832,0.5934959349593496,0.15447154471544713,0.7723577235772358,0.08780487804878048,0.8780487804878049,0.5057878435927219,0.595356114275552,0.512234696530494
0.8865248226950354,500,0.3821138211382114,0.6829268292682927,0.7886178861788617,0.8943089430894309,0.3821138211382114,0.3821138211382114,0.2276422764227642,0.6829268292682927,0.15772357723577235,0.7886178861788617,0.08943089430894308,0.8943089430894309,0.5553587559685123,0.6378330967905061,0.5610311900812542
